#set( $symbol_pound = '#' )
#set( $symbol_dollar = '$' )
#set( $symbol_escape = '\' )
<?xml version="1.0" encoding="UTF-8" ?>
<!--
  Licensed to the Apache Software Foundation (ASF) under one
         or more contributor license agreements.  See the NOTICE file
         distributed with this work for additional information
         regarding copyright ownership.  The ASF licenses this file
         to you under the Apache License, Version 2.0 (the
         "License"); you may not use this file except in compliance
         with the License.  You may obtain a copy of the License at
  
           http://www.apache.org/licenses/LICENSE-2.0
  
         Unless required by applicable law or agreed to in writing,
         software distributed under the License is distributed on an
         "AS IS" BASIS, WITHOUT WARRANTIES OR CONDITIONS OF ANY
         KIND, either express or implied.  See the License for the
         specific language governing permissions and limitations
         under the License.
-->
<!DOCTYPE log4j:configuration SYSTEM "http://logging.apache.org/log4j/1.2/apidocs/org/apache/log4j/xml/doc-files/log4j.dtd">
<log4j:configuration xmlns:log4j="http://jakarta.apache.org/log4j/">
    <appender name="console" class="org.apache.log4j.ConsoleAppender">
        <param name="Target" value="System.out" />
        <layout class="org.apache.log4j.PatternLayout">
            <param name="ConversionPattern" value="%-5p %c{1} - %m%n" />
        </layout>
    </appender>
    
    <root>
        <priority value="error" />
        <appender-ref ref="console" />
    </root>
</log4j:configuration>