<?xml version="1.0" encoding="UTF-8"?>
<!-- Licensed to the Apache Software Foundation (ASF) under one or more contributor 
	license agreements. See the NOTICE file distributed with this work for additional 
	information regarding copyright ownership. The ASF licenses this file to 
	you under the Apache License, Version 2.0 (the "License"); you may not use 
	this file except in compliance with the License. You may obtain a copy of 
	the License at http://www.apache.org/licenses/LICENSE-2.0 Unless required 
	by applicable law or agreed to in writing, software distributed under the 
	License is distributed on an "AS IS" BASIS, WITHOUT WARRANTIES OR CONDITIONS 
	OF ANY KIND, either express or implied. See the License for the specific 
	language governing permissions and limitations under the License. -->
<JPAEDMMappingModel
	xmlns="http://www.apache.org/olingo/odata2/jpa/processor/api/model/mapping">
	<PersistenceUnit name="salesorderprocessing">
		<EDMSchemaNamespace>SalesOrderProcessing</EDMSchemaNamespace>
		<JPAEntityTypes>
			<JPAEntityType name="SalesOrderHeader">
				<EDMEntityType>SalesOrder</EDMEntityType>
				<EDMEntitySet>SalesOrders</EDMEntitySet>
				<JPAAttributes>
					<JPAAttribute name="soId">ID</JPAAttribute>
					<JPAAttribute name="netAmount">NetAmount</JPAAttribute>
					<JPAAttribute name="buyerAddress">BuyerAddressInfo</JPAAttribute>
				</JPAAttributes>
				<JPARelationships>
					<JPARelationship name="salesOrderItem">SalesOrderLineItemDetails</JPARelationship>
					<JPARelationship name="notes">NotesDetails</JPARelationship>
				</JPARelationships>
			</JPAEntityType>
			<JPAEntityType name="SalesOrderItem">
				<EDMEntityType>SalesOrderLineItem</EDMEntityType>
				<EDMEntitySet>SalesOrderLineItems</EDMEntitySet>
				<JPAAttributes>
					<JPAAttribute name="liId">ID</JPAAttribute>
					<JPAAttribute name="soId">SalesOrderID</JPAAttribute>
					<JPAAttribute name="Material_Id">mID</JPAAttribute>
				</JPAAttributes>
				<JPARelationships>
					<JPARelationship name="salesOrderHeader">SalesOrderHeaderDetails</JPARelationship>
					<JPARelationship name="materials">MaterialDetails</JPARelationship>
				</JPARelationships>
			</JPAEntityType>
			<JPAEntityType name="EmailActivity">
			    <EDMEntityType>Email</EDMEntityType>
			    <EDMEntitySet>Emails</EDMEntitySet>
			</JPAEntityType>
			<JPAEntityType name="AppointmentActivity">
			    <EDMEntityType>Appointment</EDMEntityType>
			    <EDMEntitySet>Appointments</EDMEntitySet>
			</JPAEntityType>
		</JPAEntityTypes>
		<JPAEmbeddableTypes>
			<JPAEmbeddableType name="Address">
				<EDMComplexType>AddressInfo</EDMComplexType>
				<JPAAttributes>
					<JPAAttribute name="houseNumber">Number</JPAAttribute>
					<JPAAttribute name="streetName">Street</JPAAttribute>
				</JPAAttributes>
			</JPAEmbeddableType>
		</JPAEmbeddableTypes>
	</PersistenceUnit>
</JPAEDMMappingModel>